-- phpMyAdmin SQL Dump
-- version 5.2.1
-- https://www.phpmyadmin.net/
--
-- Host: 127.0.0.1
-- Generation Time: Feb 27, 2026 at 09:33 AM
-- Server version: 10.4.32-MariaDB
-- PHP Version: 8.2.12

SET SQL_MODE = "NO_AUTO_VALUE_ON_ZERO";
START TRANSACTION;
SET time_zone = "+00:00";


/*!40101 SET @OLD_CHARACTER_SET_CLIENT=@@CHARACTER_SET_CLIENT */;
/*!40101 SET @OLD_CHARACTER_SET_RESULTS=@@CHARACTER_SET_RESULTS */;
/*!40101 SET @OLD_COLLATION_CONNECTION=@@COLLATION_CONNECTION */;
/*!40101 SET NAMES utf8mb4 */;

--
-- Database: `gadget_inv`
--

-- --------------------------------------------------------

--
-- Table structure for table `kategori`
--

CREATE TABLE `kategori` (
  `id_kategori` int(11) NOT NULL,
  `nm_kategori` varchar(200) NOT NULL
) ENGINE=InnoDB DEFAULT CHARSET=utf8mb4 COLLATE=utf8mb4_general_ci;

--
-- Dumping data for table `kategori`
--

INSERT INTO `kategori` (`id_kategori`, `nm_kategori`) VALUES
(1, 'Smartphone'),
(2, 'Laptop');

-- --------------------------------------------------------

--
-- Table structure for table `merk`
--

CREATE TABLE `merk` (
  `id_merk` int(11) NOT NULL,
  `nama_merk` varchar(200) NOT NULL
) ENGINE=InnoDB DEFAULT CHARSET=utf8mb4 COLLATE=utf8mb4_general_ci;

--
-- Dumping data for table `merk`
--

INSERT INTO `merk` (`id_merk`, `nama_merk`) VALUES
(1, 'Apple'),
(2, 'Samsung'),
(4, 'Asus'),
(5, 'HP'),
(6, 'Xiaomi');

-- --------------------------------------------------------

--
-- Table structure for table `produk`
--

CREATE TABLE `produk` (
  `id_produk` int(11) NOT NULL,
  `id_kategori` int(11) NOT NULL,
  `id_merk` int(11) NOT NULL,
  `nama_produk` varchar(250) NOT NULL,
  `harga` int(11) NOT NULL,
  `stok` int(11) NOT NULL,
  `foto_produk` varchar(300) NOT NULL DEFAULT 'default_jpg'
) ENGINE=InnoDB DEFAULT CHARSET=utf8mb4 COLLATE=utf8mb4_general_ci;

--
-- Dumping data for table `produk`
--

INSERT INTO `produk` (`id_produk`, `id_kategori`, `id_merk`, `nama_produk`, `harga`, `stok`, `foto_produk`) VALUES
(7, 2, 5, 'HP Victus 16', 21000000, 4241, 'Victus 16.jpeg'),
(8, 1, 6, 'Xiaomi 17 Pro Max', 1500000, 562, 'Xiaomi 17 pro max.jpeg'),
(9, 1, 1, 'Iphone 17 Pro Max', 22000000, 1023, 'Iphone 17 max.jpeg'),
(10, 1, 2, 'Samsung S26 Ultra', 30000000, 2491, 'samsung s26 ultra.jpeg'),
(12, 2, 4, 'Asus Rog Strix G16', 25000000, 3281, 'Rog Strix g16.jpeg');

-- --------------------------------------------------------

--
-- Table structure for table `users`
--

CREATE TABLE `users` (
  `id` int(11) NOT NULL,
  `username` varchar(200) NOT NULL,
  `password` varchar(200) NOT NULL
) ENGINE=InnoDB DEFAULT CHARSET=utf8mb4 COLLATE=utf8mb4_general_ci;

--
-- Dumping data for table `users`
--

INSERT INTO `users` (`id`, `username`, `password`) VALUES
(3, 'admin', '0192023a7bbd73250516f069df18b500'),
(4, 'user', '6ad14ba9986e3615423dfca256d04e3f');

--
-- Indexes for dumped tables
--

--
-- Indexes for table `kategori`
--
ALTER TABLE `kategori`
  ADD PRIMARY KEY (`id_kategori`);

--
-- Indexes for table `merk`
--
ALTER TABLE `merk`
  ADD PRIMARY KEY (`id_merk`);

--
-- Indexes for table `produk`
--
ALTER TABLE `produk`
  ADD PRIMARY KEY (`id_produk`);

--
-- Indexes for table `users`
--
ALTER TABLE `users`
  ADD PRIMARY KEY (`id`);

--
-- AUTO_INCREMENT for dumped tables
--

--
-- AUTO_INCREMENT for table `kategori`
--
ALTER TABLE `kategori`
  MODIFY `id_kategori` int(11) NOT NULL AUTO_INCREMENT, AUTO_INCREMENT=4;

--
-- AUTO_INCREMENT for table `merk`
--
ALTER TABLE `merk`
  MODIFY `id_merk` int(11) NOT NULL AUTO_INCREMENT, AUTO_INCREMENT=7;

--
-- AUTO_INCREMENT for table `produk`
--
ALTER TABLE `produk`
  MODIFY `id_produk` int(11) NOT NULL AUTO_INCREMENT, AUTO_INCREMENT=13;

--
-- AUTO_INCREMENT for table `users`
--
ALTER TABLE `users`
  MODIFY `id` int(11) NOT NULL AUTO_INCREMENT, AUTO_INCREMENT=5;
COMMIT;

/*!40101 SET CHARACTER_SET_CLIENT=@OLD_CHARACTER_SET_CLIENT */;
/*!40101 SET CHARACTER_SET_RESULTS=@OLD_CHARACTER_SET_RESULTS */;
/*!40101 SET COLLATION_CONNECTION=@OLD_COLLATION_CONNECTION */;
